                  epoch,         train/box_loss,         train/cls_loss,         train/dfl_loss,   metrics/precision(B),      metrics/recall(B),       metrics/mAP50(B),    metrics/mAP50-95(B),           val/box_loss,           val/cls_loss,           val/dfl_loss,                 lr/pg0,                 lr/pg1,                 lr/pg2
                      1,                0.75349,                 2.2397,                0.94224,                0.38879,                0.33947,                0.38276,                0.27476,                 1.0785,                 4.9709,                 1.2224,             0.00036152,             0.00036152,             0.00036152
                      2,                0.80402,                 1.5493,                0.97479,                0.28781,                0.39224,                0.25318,                0.17458,                 1.2166,                 2.8099,                 1.2245,             0.00072823,             0.00072823,             0.00072823
                      3,                0.78608,                 1.3465,                 0.9718,                0.38544,                0.45875,                 0.3239,                0.20204,                 1.2811,                 4.2646,                 1.7505,              0.0010913,              0.0010913,              0.0010913
                      4,                0.82411,                 1.2655,                0.98717,                 0.7651,                0.29121,                0.26529,                0.20083,                 1.2341,                 2.9264,                  1.376,              0.0010945,              0.0010945,              0.0010945
                      5,                0.83351,                 1.2217,                 1.0008,                0.50198,                0.36676,                0.38577,                0.26481,                 1.2013,                 3.2351,                 1.3158,              0.0010945,              0.0010945,              0.0010945
                      6,                0.83817,                 1.1384,                 1.0086,                 0.2994,                0.51815,                0.31327,                0.22797,                 1.1858,                 2.0111,                 1.2909,               0.001089,               0.001089,               0.001089
                      7,                 0.7839,                 1.0907,                 0.9849,                0.77022,                0.32216,                0.38179,                0.27645,                 1.2671,                 2.4795,                 1.3227,              0.0010835,              0.0010835,              0.0010835
                      8,                0.79113,                 1.0435,                0.97947,                0.38186,                0.54165,                0.42507,                0.27351,                 1.3257,                 3.1063,                 1.3558,               0.001078,               0.001078,               0.001078
                      9,                0.79078,                 1.0719,                0.97994,                0.49094,                0.61401,                0.39491,                0.22056,                 1.3105,                 2.2395,                 1.4246,              0.0010725,              0.0010725,              0.0010725
                     10,                0.76196,                0.99908,                0.96891,                 0.4326,                 0.4329,                 0.3992,                0.24899,                 1.4622,                 2.2925,                 1.4977,               0.001067,               0.001067,               0.001067
                     11,                0.78957,                 1.0248,                0.97062,                0.31074,                0.62294,                0.40031,                0.29493,                 1.3306,                 2.0991,                  1.305,              0.0010615,              0.0010615,              0.0010615
                     12,                0.76168,                0.98069,                0.97015,                0.52897,                0.63176,                0.49361,                0.33377,                 1.2448,                 1.5306,                 1.3078,               0.001056,               0.001056,               0.001056
                     13,                0.76445,                0.95958,                 0.9576,                  0.514,                0.37882,                0.45746,                0.28335,                 1.2719,                  2.135,                 1.3258,              0.0010505,              0.0010505,              0.0010505
                     14,                 0.7333,                  0.953,                0.95425,                0.66438,                 0.5591,                0.62809,                0.39668,                 1.1854,                 1.2876,                 1.2455,               0.001045,               0.001045,               0.001045
                     15,                0.74155,                 0.8983,                0.95729,                0.59763,                0.68383,                0.54402,                0.37287,                 1.2299,                 1.4102,                  1.285,              0.0010395,              0.0010395,              0.0010395
                     16,                0.73957,                0.88765,                0.95877,                0.35375,                0.61951,                0.38164,                0.26577,                 1.2877,                 1.8383,                 1.3124,               0.001034,               0.001034,               0.001034
                     17,                0.72906,                0.89758,                0.94525,                0.45216,                 0.6614,                0.51113,                0.32765,                  1.287,                 1.7611,                 1.3354,              0.0010285,              0.0010285,              0.0010285
                     18,                0.72995,                0.85429,                0.94071,                0.43162,                0.58803,                0.41153,                0.28267,                 1.2892,                 1.7152,                 1.3129,               0.001023,               0.001023,               0.001023
                     19,                0.72463,                0.81502,                0.94065,                0.38703,                0.70416,                0.45372,                0.30646,                 1.1733,                 1.3957,                  1.224,              0.0010175,              0.0010175,              0.0010175
                     20,                0.72929,                0.80164,                0.94665,                0.60251,                0.72426,                0.64288,                0.42576,                 1.1905,                 1.3304,                 1.2674,               0.001012,               0.001012,               0.001012
                     21,                0.70874,                0.84202,                0.94029,                0.55662,                0.73077,                0.63422,                0.42924,                 1.1934,                 1.0686,                 1.3322,              0.0010065,              0.0010065,              0.0010065
                     22,                0.71268,                0.79598,                0.94388,                0.53376,                0.54808,                0.53369,                 0.3392,                 1.2106,                 1.4543,                 1.2565,               0.001001,               0.001001,               0.001001
                     23,                0.70063,                0.79931,                0.93446,                0.48222,                0.57578,                0.51684,                 0.3402,                 1.2865,                 1.7707,                 1.3497,             0.00099551,             0.00099551,             0.00099551
                     24,                0.68595,                0.76717,                0.93484,                0.57624,                0.61498,                0.65064,                0.45401,                 1.1375,                 1.2233,                 1.2353,             0.00099001,             0.00099001,             0.00099001
                     25,                0.70824,                0.75457,                0.93613,                0.60518,                0.54331,                0.65504,                0.46225,                 1.2101,                 1.4226,                 1.3185,             0.00098451,             0.00098451,             0.00098451
                     26,                0.69003,                0.70789,                0.93142,                0.80478,                0.50338,                0.55101,                0.36216,                 1.1443,                 1.7073,                 1.2747,             0.00097901,             0.00097901,             0.00097901
                     27,                0.68583,                0.71683,                0.92553,                 0.6275,                0.62258,                0.61254,                0.41754,                 1.1557,                 1.2055,                 1.2066,             0.00097351,             0.00097351,             0.00097351
                     28,                0.67389,                0.70286,                0.92488,                0.77984,                0.72908,                0.76693,                0.52258,                 1.1959,                  1.038,                 1.2504,             0.00096801,             0.00096801,             0.00096801
                     29,                0.68187,                0.70276,                0.93063,                0.76746,                0.68947,                0.74383,                 0.5195,                 1.2301,                 1.0651,                 1.2703,             0.00096251,             0.00096251,             0.00096251
                     30,                0.68379,                0.73823,                0.93236,                0.63886,                0.76641,                0.80047,                 0.5283,                 1.2592,                 1.3453,                   1.34,             0.00095702,             0.00095702,             0.00095702
                     31,                0.68845,                0.70231,                0.93934,                0.67025,                0.70478,                 0.6818,                0.43733,                 1.0992,                 1.1795,                 1.2284,             0.00095152,             0.00095152,             0.00095152
                     32,                0.67094,                0.67355,                0.91587,                0.82922,                0.86702,                0.80048,                0.52873,                 1.2377,                0.85573,                 1.3192,             0.00094602,             0.00094602,             0.00094602
                     33,                 0.6669,                0.67274,                0.91837,                0.82144,                0.71044,                0.75781,                0.52229,                 1.1824,                 1.4962,                 1.2638,             0.00094052,             0.00094052,             0.00094052
                     34,                0.64669,                0.65032,                0.91305,                0.77028,                0.74006,                0.73067,                0.49736,                 1.1247,                  1.451,                  1.203,             0.00093502,             0.00093502,             0.00093502
                     35,                0.65937,                0.66284,                0.91453,                0.74338,                0.80619,                0.75061,                0.46663,                 1.1794,                 1.4964,                 1.2902,             0.00092952,             0.00092952,             0.00092952
                     36,                0.65607,                0.66457,                0.91895,                0.59649,                0.77013,                0.73012,                0.48326,                 1.2003,                 1.3992,                 1.2404,             0.00092402,             0.00092402,             0.00092402
                     37,                0.65582,                0.62197,                 0.9147,                0.35833,                0.53637,                 0.4188,                0.27522,                 1.2474,                 1.6115,                 1.3104,             0.00091852,             0.00091852,             0.00091852
                     38,                0.65488,                0.65299,                0.91583,                 0.6655,                0.63439,                0.69374,                0.46761,                 1.1939,                 1.1993,                 1.2525,             0.00091302,             0.00091302,             0.00091302
                     39,                0.66839,                0.66317,                0.91292,                0.79287,                0.52883,                0.71463,                0.49399,                 1.1445,                 1.2576,                 1.2338,             0.00090752,             0.00090752,             0.00090752
                     40,                0.65576,                0.62258,                0.91724,                0.71622,                0.61538,                0.69367,                0.46143,                 1.2594,                 1.1853,                 1.2802,             0.00090202,             0.00090202,             0.00090202
                     41,                0.63908,                0.60686,                0.90193,                0.82887,                0.76675,                0.80409,                0.53428,                 1.1542,                 1.3183,                 1.2292,             0.00089652,             0.00089652,             0.00089652
                     42,                0.63369,                0.59571,                0.89554,                0.73784,                0.64138,                0.82741,                0.53615,                 1.2561,                 1.2109,                  1.309,             0.00089102,             0.00089102,             0.00089102
                     43,                0.63841,                0.61123,                0.90653,                0.80078,                0.71414,                0.83932,                0.58083,                 1.2176,                 1.1356,                 1.2686,             0.00088552,             0.00088552,             0.00088552
                     44,                0.65337,                0.61407,                0.91033,                0.81926,                0.52642,                0.74278,                0.49092,                 1.2482,                 1.2535,                 1.2733,             0.00088002,             0.00088002,             0.00088002
                     45,                0.64117,                0.57907,                0.90665,                0.89138,                0.70618,                0.86296,                0.57185,                 1.2177,                 1.0041,                 1.2667,             0.00087452,             0.00087452,             0.00087452
                     46,                0.63591,                0.58247,                0.90318,                0.70896,                0.85345,                 0.8498,                 0.5565,                 1.2145,                 1.0389,                 1.2659,             0.00086902,             0.00086902,             0.00086902
                     47,                0.64217,                0.60455,                0.91202,                0.65919,                0.60492,                0.55259,                0.39876,                 1.2101,                 1.3395,                 1.2059,             0.00086352,             0.00086352,             0.00086352
                     48,                0.64867,                0.57286,                0.90983,                0.50622,                0.60077,                0.59442,                0.40015,                 1.1412,                 1.4656,                 1.2425,             0.00085803,             0.00085803,             0.00085803
                     49,                0.63244,                0.56224,                 0.9037,                0.88371,                0.66723,                 0.8619,                0.59588,                 1.1462,                 1.0744,                 1.2662,             0.00085253,             0.00085253,             0.00085253
                     50,                0.62076,                0.56067,                 0.9039,                0.76019,                0.81061,                0.85619,                0.60358,                  1.089,                0.82219,                 1.2387,             0.00084703,             0.00084703,             0.00084703
                     51,                0.62196,                0.55439,                0.90313,                0.78993,                0.83311,                0.83346,                0.48797,                 1.2094,                 1.0916,                 1.3374,             0.00084153,             0.00084153,             0.00084153
                     52,                0.60528,                0.53684,                 0.9015,                0.60556,                0.84013,                 0.7086,                0.43602,                 1.2381,                  1.227,                 1.3636,             0.00083603,             0.00083603,             0.00083603
                     53,                 0.6078,                0.56974,                0.88648,                0.67097,                0.82308,                0.79669,                0.51045,                 1.1599,                 1.1643,                 1.2669,             0.00083053,             0.00083053,             0.00083053
                     54,                0.60141,                0.54446,                0.88783,                0.76337,                0.84606,                0.84745,                0.56227,                 1.1512,                 1.1391,                 1.2686,             0.00082503,             0.00082503,             0.00082503
                     55,                0.60181,                  0.533,                0.89815,                0.87743,                0.80684,                0.91794,                0.60771,                 1.1151,                0.99879,                 1.2431,             0.00081953,             0.00081953,             0.00081953
                     56,                 0.6094,                0.55418,                 0.8983,                0.59434,                0.89903,                 0.8058,                0.52001,                  1.172,                 1.1309,                 1.2816,             0.00081403,             0.00081403,             0.00081403
                     57,                0.60158,                0.53036,                0.89033,                0.64758,                0.61813,                0.72461,                0.48005,                 1.2608,                 1.2098,                 1.2913,             0.00080853,             0.00080853,             0.00080853
                     58,                0.60723,                0.54227,                0.88012,                0.60937,                0.82864,                0.77933,                0.53229,                 1.1616,                 1.1933,                  1.241,             0.00080303,             0.00080303,             0.00080303
                     59,                0.59815,                0.53072,                0.89002,                0.69919,                0.78309,                0.80916,                 0.5636,                 1.1897,                0.91576,                 1.2957,             0.00079753,             0.00079753,             0.00079753
                     60,                0.61092,                0.53659,                0.90311,                0.65543,                0.80065,                0.80822,                0.55866,                 1.2058,                0.85232,                 1.2951,             0.00079203,             0.00079203,             0.00079203
                     61,                0.60374,                0.52677,                0.89121,                0.66921,                0.64631,                0.76966,                0.52205,                 1.1752,                0.98525,                 1.2514,             0.00078653,             0.00078653,             0.00078653
                     62,                0.61353,                0.51549,                 0.8949,                0.78127,                 0.7031,                0.76873,                0.50668,                 1.1912,                 0.9676,                 1.2445,             0.00078103,             0.00078103,             0.00078103
                     63,                0.59943,                0.52629,                0.89674,                0.75576,                0.68265,                0.77303,                0.51725,                 1.1913,                0.89794,                 1.2695,             0.00077553,             0.00077553,             0.00077553
                     64,                0.58864,                0.48596,                0.88245,                0.90704,                0.62765,                0.86234,                0.58124,                 1.1809,                 1.0068,                 1.3122,             0.00077003,             0.00077003,             0.00077003
                     65,                0.58813,                0.51098,                0.88401,                0.64924,                0.79529,                0.74433,                0.47955,                 1.1547,                 1.1013,                 1.2514,             0.00076453,             0.00076453,             0.00076453
                     66,                0.58643,                0.48204,                0.87984,                0.89315,                0.84321,                0.86906,                0.62652,                 1.1177,                0.78852,                 1.2458,             0.00075904,             0.00075904,             0.00075904
                     67,                 0.5929,                0.48317,                0.88985,                0.86709,                0.75223,                0.91642,                 0.6192,                 1.1854,                0.96301,                 1.2888,             0.00075354,             0.00075354,             0.00075354
                     68,                 0.5971,                0.49417,                0.89494,                0.67571,                0.87551,                0.84587,                0.56382,                  1.201,                0.84426,                 1.3022,             0.00074804,             0.00074804,             0.00074804
                     69,                0.57866,                 0.4679,                0.88457,                0.68168,                0.86813,                0.84741,                0.54739,                  1.199,                 1.0619,                  1.274,             0.00074254,             0.00074254,             0.00074254
                     70,                0.58445,                0.48468,                0.88919,                0.44704,                0.69054,                0.65463,                  0.441,                 1.2301,                 1.2576,                 1.3068,             0.00073704,             0.00073704,             0.00073704
                     71,                0.59802,                0.48419,                0.88629,                0.71766,                0.65906,                0.80845,                0.57174,                 1.1341,                  1.117,                 1.2331,             0.00073154,             0.00073154,             0.00073154
                     72,                0.59387,                 0.4618,                0.88009,                0.67296,                 0.6597,                0.72775,                0.48693,                 1.1566,                 1.6267,                  1.217,             0.00072604,             0.00072604,             0.00072604
                     73,                0.59016,                0.47426,                0.87908,                0.59071,                0.87921,                 0.8573,                0.57263,                 1.1284,                 1.1991,                 1.1941,             0.00072054,             0.00072054,             0.00072054
                     74,                0.58227,                0.45992,                0.88559,                0.70168,                0.66112,                0.77483,                0.53603,                 1.1254,                 1.1084,                 1.2596,             0.00071504,             0.00071504,             0.00071504
                     75,                0.57373,                0.46047,                0.88982,                0.47988,                0.91119,                0.70519,                0.49514,                 1.1369,                 1.0591,                 1.2466,             0.00070954,             0.00070954,             0.00070954
                     76,                0.56835,                0.44595,                0.88058,                0.55764,                0.82233,                0.74812,                0.48939,                 1.2198,                 1.3251,                 1.3121,             0.00070404,             0.00070404,             0.00070404
                     77,                0.56762,                0.45716,                0.87762,                0.71941,                0.77055,                0.76786,                0.52355,                 1.2005,                 1.0563,                 1.2935,             0.00069854,             0.00069854,             0.00069854
                     78,                0.56834,                0.43745,                0.87724,                0.71695,                0.70987,                0.70706,                0.50005,                 1.1763,                 1.0355,                 1.2856,             0.00069304,             0.00069304,             0.00069304
                     79,                 0.5701,                0.43242,                0.88209,                0.62645,                0.74072,                0.73742,                0.51859,                 1.1808,                 1.0701,                 1.2488,             0.00068754,             0.00068754,             0.00068754
                     80,                0.56208,                0.43808,                0.87643,                0.52944,                0.83654,                 0.7539,                0.49941,                 1.1886,                 1.0375,                 1.2475,             0.00068204,             0.00068204,             0.00068204
                     81,                 0.5606,                 0.4667,                0.86806,                0.61853,                0.57604,                 0.7042,                0.49773,                 1.0988,                 1.1132,                  1.187,             0.00067654,             0.00067654,             0.00067654
                     82,                0.56095,                0.44614,                0.88154,                0.87737,                0.56079,                0.74186,                0.52401,                 1.0591,                0.94058,                 1.2155,             0.00067104,             0.00067104,             0.00067104
                     83,                 0.5611,                0.44295,                0.87833,                0.87625,                0.65786,                0.74503,                0.49204,                 1.0944,                0.78894,                 1.1874,             0.00066554,             0.00066554,             0.00066554
                     84,                0.55981,                0.42801,                0.87638,                0.69517,                0.94505,                0.93946,                0.64901,                  1.044,                0.70702,                  1.196,             0.00066005,             0.00066005,             0.00066005
                     85,                0.55188,                0.43621,                0.87349,                0.83618,                0.90938,                0.86636,                0.56482,                 1.1013,                0.81258,                 1.2527,             0.00065455,             0.00065455,             0.00065455
                     86,                0.53843,                0.41486,                0.87632,                0.76117,                0.80504,                0.81211,                0.56565,                 1.1759,                0.79484,                 1.3126,             0.00064905,             0.00064905,             0.00064905
                     87,                0.56568,                0.43335,                0.87993,                0.65094,                0.78988,                0.78085,                0.49421,                   1.18,                0.85753,                 1.3334,             0.00064355,             0.00064355,             0.00064355
                     88,                0.56599,                0.45911,                0.87514,                  0.794,                0.83794,                0.84014,                0.59084,                 1.1382,                0.75821,                 1.2616,             0.00063805,             0.00063805,             0.00063805
                     89,                 0.5401,                 0.4251,                0.86738,                0.68179,                0.81248,                0.86983,                0.60051,                 1.1239,                 1.0586,                 1.2487,             0.00063255,             0.00063255,             0.00063255
                     90,                0.55358,                0.42838,                0.87065,                0.64147,                0.92286,                0.84158,                0.59564,                 1.0063,                  1.133,                  1.161,             0.00062705,             0.00062705,             0.00062705
                     91,                0.54819,                0.40728,                0.87684,                0.72415,                0.93196,                0.89624,                0.62102,                 1.1077,                0.87622,                 1.2366,             0.00062155,             0.00062155,             0.00062155
                     92,                0.53444,                0.40969,                 0.8702,                0.76134,                0.80627,                0.81597,                0.57585,                 1.1292,                0.87392,                 1.2421,             0.00061605,             0.00061605,             0.00061605
                     93,                0.55098,                 0.4445,                0.87815,                0.75087,                0.77034,                0.87609,                0.62293,                 1.0605,                 1.1891,                 1.2225,             0.00061055,             0.00061055,             0.00061055
                     94,                0.54908,                0.41214,                0.88038,                0.72404,                0.68949,                0.71094,                0.52389,                 1.0685,                 1.0143,                 1.2289,             0.00060505,             0.00060505,             0.00060505
                     95,                0.53809,                0.40821,                0.87192,                 0.7204,                0.78434,                0.78561,                 0.5313,                  1.149,                0.85632,                 1.2818,             0.00059955,             0.00059955,             0.00059955
                     96,                 0.5491,                0.41064,                0.87059,                0.92771,                0.68317,                0.84495,                0.59736,                  1.107,                0.65259,                 1.2401,             0.00059405,             0.00059405,             0.00059405
                     97,                0.54449,                0.41735,                0.87632,                0.68109,                0.78722,                0.79592,                0.53947,                 1.1203,                  1.292,                 1.2272,             0.00058855,             0.00058855,             0.00058855
                     98,                0.52587,                0.38021,                0.85862,                0.65229,                0.76221,                 0.7549,                 0.5208,                 1.0949,                0.92891,                 1.2246,             0.00058305,             0.00058305,             0.00058305
                     99,                0.53413,                0.40119,                0.87781,                0.82328,                 0.7491,                 0.8824,                0.59011,                 1.1224,                 1.0612,                 1.2462,             0.00057755,             0.00057755,             0.00057755
                    100,                0.52657,                0.38542,                0.86713,                 0.7572,                0.73213,                0.78719,                0.54441,                  1.008,                0.83389,                 1.1275,             0.00057205,             0.00057205,             0.00057205
                    101,                0.52789,                0.38484,                0.87316,                0.88784,                0.66589,                0.88501,                0.61961,                 1.0284,                0.85087,                 1.1725,             0.00056655,             0.00056655,             0.00056655
                    102,                0.52489,                0.38598,                0.86828,                0.74064,                0.71403,                0.83491,                0.59431,                 1.1229,                 1.0734,                 1.2134,             0.00056105,             0.00056105,             0.00056105
                    103,                0.53184,                0.40721,                0.87123,                0.67296,                0.75108,                0.80282,                0.56777,                 1.0924,                 1.0607,                 1.1682,             0.00055556,             0.00055556,             0.00055556
                    104,                0.51905,                0.40398,                0.86713,                0.61524,                0.69859,                0.73323,                0.51377,                 1.1156,                 1.0323,                 1.2019,             0.00055006,             0.00055006,             0.00055006
                    105,                0.51576,                0.39801,                0.85956,                0.84101,                0.87883,                0.85484,                 0.5878,                 1.1124,                0.87557,                 1.2426,             0.00054456,             0.00054456,             0.00054456
                    106,                0.52571,                0.39026,                0.86641,                0.76634,                0.68095,                0.75825,                0.53917,                 1.0671,                 1.1559,                 1.1924,             0.00053906,             0.00053906,             0.00053906
                    107,                0.52037,                0.37832,                0.86768,                0.67743,                0.63846,                0.73106,                0.52211,                 1.0946,                 1.2187,                 1.2036,             0.00053356,             0.00053356,             0.00053356
                    108,                0.50844,                 0.3646,                0.86134,                0.77123,                0.59044,                0.82805,                0.59401,                 1.0661,                 1.4416,                 1.1954,             0.00052806,             0.00052806,             0.00052806
                    109,                0.52085,                 0.3738,                0.86076,                0.75299,                0.75695,                0.84683,                0.61775,                 1.0226,                0.91201,                 1.1473,             0.00052256,             0.00052256,             0.00052256
                    110,                0.51049,                0.37037,                 0.8593,                 0.6965,                0.79551,                0.80807,                0.57377,                 1.0802,                 1.1416,                 1.2211,             0.00051706,             0.00051706,             0.00051706
                    111,                0.50336,                0.37343,                0.86647,                0.68803,                0.72874,                0.78071,                0.56973,                 1.0641,                  1.153,                 1.2045,             0.00051156,             0.00051156,             0.00051156
                    112,                0.49944,                0.36666,                0.86422,                0.76119,                0.73589,                0.78937,                0.55972,                 1.0538,                 1.2202,                 1.2257,             0.00050606,             0.00050606,             0.00050606
                    113,                0.49532,                0.36644,                0.86541,                0.81661,                0.80438,                 0.8563,                0.62338,                 1.0095,                0.86993,                 1.1547,             0.00050056,             0.00050056,             0.00050056
                    114,                0.50533,                0.36909,                 0.8691,                0.66259,                0.80044,                0.87877,                0.59158,                  1.101,                 1.1287,                 1.2065,             0.00049506,             0.00049506,             0.00049506
                    115,                0.50831,                0.37747,                0.86417,                0.82905,                0.88741,                0.89994,                0.63296,                 1.0647,                  1.051,                 1.1736,             0.00048956,             0.00048956,             0.00048956
                    116,                0.48589,                0.36431,                0.86273,                0.84006,                 0.8993,                0.91595,                0.64624,                 1.0233,                0.91089,                 1.1225,             0.00048406,             0.00048406,             0.00048406
                    117,                0.48687,                 0.3455,                0.85805,                0.70063,                0.67502,                0.72673,                0.51081,                 1.0971,                 1.1732,                 1.1776,             0.00047856,             0.00047856,             0.00047856
                    118,                0.48794,                0.35672,                0.85854,                0.67095,                   0.81,                0.78836,                0.57961,                 1.0399,                0.93921,                 1.1448,             0.00047306,             0.00047306,             0.00047306
                    119,                0.50314,                0.34753,                0.85911,                0.71753,                0.83695,                0.80866,                  0.591,                 1.0553,                0.75745,                 1.1887,             0.00046756,             0.00046756,             0.00046756
                    120,                0.48936,                0.34685,                0.86017,                0.73854,                0.74602,                0.82973,                0.62313,                 1.0248,                0.99911,                 1.1308,             0.00046206,             0.00046206,             0.00046206
                    121,                0.49809,                0.37381,                 0.8571,                0.69738,                0.80925,                0.84773,                 0.6314,                0.99779,                 1.1096,                 1.0985,             0.00045657,             0.00045657,             0.00045657
                    122,                 0.4957,                0.34094,                 0.8664,                0.63132,                0.92688,                0.80687,                0.57527,                 1.0516,                0.81657,                 1.1915,             0.00045107,             0.00045107,             0.00045107
                    123,                0.48066,                0.32646,                0.84962,                0.85365,                0.72144,                0.84769,                0.63665,                0.99855,                0.72979,                 1.1516,             0.00044557,             0.00044557,             0.00044557
                    124,                0.48504,                0.34035,                0.86292,                0.76493,                0.78857,                0.81228,                0.58528,                 1.0235,                0.81975,                 1.1979,             0.00044007,             0.00044007,             0.00044007
                    125,                 0.4731,                0.33277,                0.85375,                0.90255,                0.60639,                0.77146,                0.55857,                0.98884,                0.89655,                 1.1455,             0.00043457,             0.00043457,             0.00043457
                    126,                0.45871,                0.34378,                0.84569,                0.85905,                0.58519,                0.71153,                0.51225,                 1.0443,                0.97824,                 1.2002,             0.00042907,             0.00042907,             0.00042907
                    127,                0.47796,                0.33236,                0.85227,                0.81881,                0.89718,                0.94785,                0.69781,                 1.0071,                0.67474,                 1.1486,             0.00042357,             0.00042357,             0.00042357
                    128,                0.46394,                0.32873,                0.84958,                0.87044,                0.93288,                0.95847,                0.65671,                  1.022,                0.56217,                 1.1696,             0.00041807,             0.00041807,             0.00041807
                    129,                0.47759,                0.33949,                0.85573,                0.87856,                0.84397,                0.93946,                0.68186,                 1.0485,                0.80852,                 1.2077,             0.00041257,             0.00041257,             0.00041257
                    130,                0.46296,                0.31479,                0.84831,                0.70463,                 0.9563,                0.85836,                0.64212,                0.98403,                0.72944,                 1.1608,             0.00040707,             0.00040707,             0.00040707
                    131,                0.47505,                0.33896,                0.85449,                0.87604,                0.79407,                0.88934,                 0.6713,                0.96678,                0.68779,                 1.1542,             0.00040157,             0.00040157,             0.00040157
                    132,                0.45525,                0.31614,                0.84668,                0.89676,                0.64347,                0.75524,                0.55375,                0.99688,                 0.9902,                 1.1663,             0.00039607,             0.00039607,             0.00039607
                    133,                0.45847,                 0.3198,                 0.8409,                0.86616,                0.64904,                0.76884,                0.56329,                 1.0155,                0.91227,                 1.1959,             0.00039057,             0.00039057,             0.00039057
                    134,                0.45142,                0.31406,                 0.8533,                 0.7685,                0.80729,                0.84352,                0.61546,                0.98589,                0.93779,                 1.1744,             0.00038507,             0.00038507,             0.00038507
                    135,                0.44955,                0.31625,                0.85504,                0.90183,                0.82975,                0.93788,                0.69006,                 1.0357,                0.56961,                 1.2083,             0.00037957,             0.00037957,             0.00037957
                    136,                0.44662,                0.32415,                0.84604,                0.78361,                0.81339,                0.84002,                0.57298,                 1.0516,                0.79797,                 1.1977,             0.00037407,             0.00037407,             0.00037407
                    137,                0.45847,                0.31812,                0.84331,                0.76104,                0.96154,                0.95993,                0.67492,                 1.0965,                0.90572,                  1.204,             0.00036857,             0.00036857,             0.00036857
                    138,                0.44253,                0.30554,                0.84237,                0.78666,                0.73142,                0.83911,                0.57859,                 1.0916,                 1.1415,                 1.1937,             0.00036307,             0.00036307,             0.00036307
                    139,                 0.4557,                0.31544,                0.84239,                0.64367,                0.80481,                0.77777,                0.54996,                 1.0182,                 1.0025,                 1.1626,             0.00035758,             0.00035758,             0.00035758
                    140,                0.43855,                0.30774,                0.84278,                0.82451,                0.69041,                0.71333,                0.52569,                0.97776,                  1.032,                 1.1068,             0.00035208,             0.00035208,             0.00035208
                    141,                  0.444,                0.31363,                0.84197,                0.92878,                0.64444,                0.78261,                0.55272,                0.99792,                0.92367,                 1.1542,             0.00034658,             0.00034658,             0.00034658
                    142,                0.44522,                0.31117,                0.84892,                0.85744,                0.73435,                0.86831,                0.63305,                0.97663,                0.96836,                 1.1188,             0.00034108,             0.00034108,             0.00034108
                    143,                 0.4367,                0.30708,                0.84517,                0.78892,                0.87697,                0.92874,                0.65588,                 1.0256,                 1.0088,                 1.1576,             0.00033558,             0.00033558,             0.00033558
                    144,                0.42965,                0.30579,                0.84132,                0.71233,                0.94933,                0.92993,                0.63575,                 1.0402,                0.66371,                 1.1941,             0.00033008,             0.00033008,             0.00033008
                    145,                0.42879,                0.31013,                0.84069,                0.79289,                 0.8776,                0.93192,                0.63978,                 1.0336,                 0.9462,                 1.2042,             0.00032458,             0.00032458,             0.00032458
                    146,                0.42275,                0.29428,                0.83498,                0.79242,                 0.8921,                 0.9649,                0.68169,                 1.0107,                0.84237,                 1.1636,             0.00031908,             0.00031908,             0.00031908
                    147,                0.43435,                0.30276,                0.83876,                0.69877,                0.93818,                0.92253,                 0.6581,                0.98001,                0.81156,                 1.1244,             0.00031358,             0.00031358,             0.00031358
                    148,                 0.4211,                0.30665,                0.83873,                 0.7386,                0.75783,                0.83383,                0.63196,                0.97455,                 1.0991,                  1.114,             0.00030808,             0.00030808,             0.00030808
                    149,                0.42481,                0.28988,                 0.8356,                0.72594,                0.74244,                0.84153,                0.61769,                  1.016,                 1.3567,                 1.1515,             0.00030258,             0.00030258,             0.00030258
                    150,                0.41198,                0.29697,                0.82875,                0.69446,                0.80173,                0.75603,                0.54415,                0.97842,                 1.0205,                 1.1554,             0.00029708,             0.00029708,             0.00029708
                    151,                0.42085,                0.29872,                0.84424,                0.73857,                0.76155,                0.84143,                0.61098,                0.97316,                 1.1513,                 1.1204,             0.00029158,             0.00029158,             0.00029158
                    152,                0.41491,                0.28771,                0.84013,                0.80231,                0.92923,                0.96342,                0.69263,                0.98938,                0.76215,                 1.1273,             0.00028608,             0.00028608,             0.00028608
                    153,                0.40594,                0.28397,                 0.8385,                0.78873,                0.81702,                0.83265,                0.59343,                0.98258,                0.75943,                 1.1189,             0.00028058,             0.00028058,             0.00028058
                    154,                0.42582,                0.30017,                0.83746,                0.76635,                0.69505,                 0.8738,                0.62262,                      1,                0.93618,                 1.1272,             0.00027508,             0.00027508,             0.00027508
                    155,                0.41236,                 0.2824,                0.83457,                0.79525,                0.85978,                0.89911,                0.65034,                 1.0057,                 1.1807,                  1.131,             0.00026958,             0.00026958,             0.00026958
                    156,                0.40696,                0.28327,                0.83094,                0.82306,                 0.8747,                0.92418,                0.65764,                 1.0162,                 1.0334,                 1.1585,             0.00026408,             0.00026408,             0.00026408
                    157,                0.41123,                0.27805,                0.83275,                0.85234,                0.82115,                0.92023,                0.65864,                 1.0366,                 1.0186,                 1.1422,             0.00025859,             0.00025859,             0.00025859
                    158,                 0.4202,                0.28418,                0.83486,                0.81637,                0.88748,                0.94411,                0.67934,                 1.0235,                0.95613,                 1.1443,             0.00025309,             0.00025309,             0.00025309
                    159,                0.39706,                0.28095,                0.83302,                0.82472,                0.78225,                0.87149,                0.63601,                0.97978,                0.81964,                 1.1128,             0.00024759,             0.00024759,             0.00024759
                    160,                0.40113,                0.27183,                0.82589,                0.71854,                0.84498,                0.90515,                0.67024,                0.96264,                0.81075,                 1.1087,             0.00024209,             0.00024209,             0.00024209
                    161,                0.38882,                0.26674,                0.83341,                0.71003,                0.79708,                0.90154,                0.66487,                0.97574,                 1.0185,                 1.1209,             0.00023659,             0.00023659,             0.00023659
                    162,                0.39958,                0.27774,                0.83049,                0.77997,                0.80205,                0.90278,                0.67914,                 1.0071,                0.91553,                 1.1367,             0.00023109,             0.00023109,             0.00023109
                    163,                0.40714,                0.28787,                0.83855,                0.83434,                0.80688,                0.90296,                0.66791,                 1.0117,                0.87014,                 1.1214,             0.00022559,             0.00022559,             0.00022559
                    164,                0.39321,                0.27291,                0.82665,                0.83692,                0.80689,                0.90025,                0.63936,                 1.0042,                0.85033,                 1.1443,             0.00022009,             0.00022009,             0.00022009
                    165,                0.40146,                0.27534,                0.83215,                0.92699,                0.77495,                0.93488,                0.69538,                0.98604,                0.66795,                 1.1578,             0.00021459,             0.00021459,             0.00021459
                    166,                0.38917,                0.27193,                0.83204,                0.81012,                0.80924,                0.88809,                0.66212,                0.97684,                 0.8788,                 1.1514,             0.00020909,             0.00020909,             0.00020909
                    167,                0.39562,                0.27675,                0.83172,                0.77828,                0.81197,                0.85343,                0.62273,                 1.0144,                0.90078,                 1.1606,             0.00020359,             0.00020359,             0.00020359
                    168,                0.38106,                0.26881,                0.83278,                0.65635,                 0.7784,                0.84988,                0.60281,                 1.0629,                 1.1055,                 1.1554,             0.00019809,             0.00019809,             0.00019809
                    169,                0.38221,                0.26557,                0.82844,                0.73305,                0.77204,                0.84983,                0.59775,                 1.0617,                 1.0695,                 1.1565,             0.00019259,             0.00019259,             0.00019259
                    170,                0.38389,                  0.273,                0.83473,                0.70694,                0.87986,                   0.92,                0.64757,                 1.0427,                 0.8719,                 1.1753,             0.00018709,             0.00018709,             0.00018709
                    171,                0.37693,                0.26914,                0.82406,                0.68539,                0.78646,                0.84226,                0.60397,                 1.0261,                0.88714,                 1.1829,             0.00018159,             0.00018159,             0.00018159
                    172,                 0.3782,                 0.2719,                0.82749,                 0.7139,                0.87434,                0.92497,                0.67853,                 1.0088,                0.94677,                 1.1537,             0.00017609,             0.00017609,             0.00017609
                    173,                0.38574,                0.26833,                0.83111,                0.83308,                0.75387,                0.92248,                0.68229,                 1.0482,                0.93416,                 1.1881,             0.00017059,             0.00017059,             0.00017059
                    174,                0.37036,                0.25708,                0.82611,                0.81544,                0.76963,                0.92853,                 0.6875,                 1.0286,                0.79537,                 1.1739,             0.00016509,             0.00016509,             0.00016509
                    175,                0.38495,                0.25458,                0.82701,                0.71634,                0.81701,                0.92613,                0.68735,                0.99244,                0.70333,                  1.152,              0.0001596,              0.0001596,              0.0001596
                    176,                0.37476,                0.25215,                0.82632,                 0.7014,                0.94505,                0.96915,                0.71367,                 1.0031,                0.69203,                  1.163,              0.0001541,              0.0001541,              0.0001541
                    177,                0.36814,                0.25948,                0.82348,                0.85957,                0.80912,                0.93313,                0.69166,                0.98658,                0.60352,                 1.1486,              0.0001486,              0.0001486,              0.0001486
                    178,                0.36865,                0.24678,                0.82396,                0.84085,                0.79111,                0.90955,                0.67614,                0.99655,                0.67864,                 1.1406,              0.0001431,              0.0001431,              0.0001431
                    179,                0.37452,                0.25555,                0.82689,                0.80816,                0.79766,                0.90955,                0.66323,                0.99031,                0.64636,                 1.1384,              0.0001376,              0.0001376,              0.0001376
                    180,                0.36411,                0.25833,                0.82083,                0.79985,                0.95236,                0.97205,                0.70179,                0.99508,                 0.7028,                 1.1475,              0.0001321,              0.0001321,              0.0001321
                    181,                 0.3578,                 0.2556,                0.82363,                0.82953,                0.80802,                0.93261,                0.68477,                0.97385,                0.76494,                 1.1368,              0.0001266,              0.0001266,              0.0001266
                    182,                0.36246,                0.24687,                 0.8248,                0.74988,                 0.8308,                0.85054,                0.62017,                0.98914,                0.82762,                 1.1595,              0.0001211,              0.0001211,              0.0001211
                    183,                0.35909,                0.24688,                 0.8226,                0.65826,                0.83102,                0.89705,                0.66313,                0.96929,                0.83405,                 1.1455,              0.0001156,              0.0001156,              0.0001156
                    184,                0.35383,                0.24311,                  0.824,                0.60503,                0.82005,                 0.8966,                0.65824,                0.97064,                0.82135,                 1.1542,              0.0001101,              0.0001101,              0.0001101
                    185,                0.36069,                0.25094,                0.82268,                0.75442,                0.79681,                0.90361,                 0.6646,                 1.0168,                0.86315,                 1.2009,              0.0001046,              0.0001046,              0.0001046
                    186,                0.36006,                0.25439,                0.81701,                0.83086,                0.78226,                0.90259,                0.63747,                 1.0136,                0.84498,                 1.1912,             9.9101e-05,             9.9101e-05,             9.9101e-05
                    187,                0.34736,                0.24598,                0.82201,                0.86955,                0.77171,                0.90613,                0.65549,                0.96739,                0.75822,                 1.1557,             9.3602e-05,             9.3602e-05,             9.3602e-05
                    188,                0.34945,                0.24915,                0.82608,                 0.9213,                 0.7462,                0.92696,                0.67625,                0.96612,                0.73144,                 1.1552,             8.8102e-05,             8.8102e-05,             8.8102e-05
                    189,                0.35322,                 0.2426,                0.82591,                 0.9327,                0.74114,                0.93091,                  0.694,                0.95327,                  0.721,                 1.1536,             8.2603e-05,             8.2603e-05,             8.2603e-05
                    190,                0.34126,                0.24477,                0.82065,                0.90646,                0.75703,                0.91007,                0.68962,                0.95297,                0.68866,                 1.1366,             7.7103e-05,             7.7103e-05,             7.7103e-05
                    191,                0.36591,                0.22965,                0.81101,                0.92892,                0.77491,                0.93352,                0.69732,                0.97605,                0.63192,                 1.1603,             7.1604e-05,             7.1604e-05,             7.1604e-05
                    192,                0.34283,                0.22105,                0.81209,                0.85986,                0.95521,                0.97469,                0.71532,                0.97172,                0.54859,                 1.1506,             6.6105e-05,             6.6105e-05,             6.6105e-05
                    193,                0.33612,                0.21455,                0.81167,                0.86768,                0.96985,                0.97362,                0.72535,                0.98026,                0.54556,                 1.1573,             6.0605e-05,             6.0605e-05,             6.0605e-05
                    194,                0.33815,                0.22016,                0.81229,                0.86135,                0.96212,                0.97447,                0.72532,                0.97812,                0.58241,                 1.1508,             5.5106e-05,             5.5106e-05,             5.5106e-05
                    195,                0.33647,                0.21183,                0.80146,                0.83275,                0.93241,                0.96974,                0.71821,                0.96654,                0.61171,                 1.1486,             4.9606e-05,             4.9606e-05,             4.9606e-05
                    196,                0.32483,                0.21382,                0.80322,                0.84228,                0.92029,                0.96728,                0.72271,                 0.9615,                0.62633,                 1.1451,             4.4107e-05,             4.4107e-05,             4.4107e-05
                    197,                0.33006,                0.21836,                0.80384,                0.90408,                0.77341,                0.92696,                0.69962,                0.95337,                0.64781,                 1.1339,             3.8607e-05,             3.8607e-05,             3.8607e-05
                    198,                0.33373,                0.21499,                0.81674,                0.87373,                0.78644,                0.92476,                0.70032,                0.95203,                0.67825,                  1.133,             3.3108e-05,             3.3108e-05,             3.3108e-05
                    199,                0.33122,                0.21921,                 0.8241,                0.86522,                0.80151,                 0.9265,                0.69953,                0.95632,                0.64884,                  1.134,             2.7608e-05,             2.7608e-05,             2.7608e-05
                    200,                0.33673,                0.21486,                  0.815,                0.86595,                0.80252,                0.92807,                0.70089,                0.96313,                0.64678,                 1.1338,             2.2109e-05,             2.2109e-05,             2.2109e-05
